<?xml version="1.0" encoding="UTF-8"?>
<zabbix_export>
    <version>3.0</version>
    <date>2017-08-09T07:52:37Z</date>
    <groups>
        <group>
            <name>Templates</name>
        </group>
    </groups>
    <templates>
        <template>
            <template>RipEX RS232 Template - SNMPv2c</template>
            <name>RipEX RS232 Template - SNMPv2c</name>
            <description/>
            <groups>
                <group>
                    <name>Templates</name>
                </group>
            </groups>
            <applications>
                <application>
                    <name>RS232</name>
                </application>
            </applications>
            <items>
                <item>
                    <name>RS232 port $1 - The port's number of bits in a character</name>
                    <type>4</type>
                    <snmp_community>public</snmp_community>
                    <multiplier>0</multiplier>
                    <snmp_oid>1.3.6.1.2.1.10.33.3.1.2.1</snmp_oid>
                    <key>rs232AsyncPortBits[1]</key>
                    <delay>3600</delay>
                    <history>90</history>
                    <trends>200</trends>
                    <status>1</status>
                    <value_type>3</value_type>
                    <allowed_hosts/>
                    <units/>
                    <delta>0</delta>
                    <snmpv3_contextname/>
                    <snmpv3_securityname/>
                    <snmpv3_securitylevel>0</snmpv3_securitylevel>
                    <snmpv3_authprotocol>0</snmpv3_authprotocol>
                    <snmpv3_authpassphrase/>
                    <snmpv3_privprotocol>0</snmpv3_privprotocol>
                    <snmpv3_privpassphrase/>
                    <formula>1</formula>
                    <delay_flex/>
                    <params/>
                    <ipmi_sensor/>
                    <data_type>0</data_type>
                    <authtype>0</authtype>
                    <username/>
                    <password/>
                    <publickey/>
                    <privatekey/>
                    <port/>
                    <description/>
                    <inventory_link>0</inventory_link>
                    <applications>
                        <application>
                            <name>RS232</name>
                        </application>
                    </applications>
                    <valuemap/>
                    <logtimefmt/>
                </item>
                <item>
                    <name>RS232 port $1 - The port's number of bits in a character</name>
                    <type>4</type>
                    <snmp_community>public</snmp_community>
                    <multiplier>0</multiplier>
                    <snmp_oid>1.3.6.1.2.1.10.33.3.1.2.2</snmp_oid>
                    <key>rs232AsyncPortBits[2]</key>
                    <delay>3600</delay>
                    <history>90</history>
                    <trends>200</trends>
                    <status>1</status>
                    <value_type>3</value_type>
                    <allowed_hosts/>
                    <units/>
                    <delta>0</delta>
                    <snmpv3_contextname/>
                    <snmpv3_securityname/>
                    <snmpv3_securitylevel>0</snmpv3_securitylevel>
                    <snmpv3_authprotocol>0</snmpv3_authprotocol>
                    <snmpv3_authpassphrase/>
                    <snmpv3_privprotocol>0</snmpv3_privprotocol>
                    <snmpv3_privpassphrase/>
                    <formula>1</formula>
                    <delay_flex/>
                    <params/>
                    <ipmi_sensor/>
                    <data_type>0</data_type>
                    <authtype>0</authtype>
                    <username/>
                    <password/>
                    <publickey/>
                    <privatekey/>
                    <port/>
                    <description/>
                    <inventory_link>0</inventory_link>
                    <applications>
                        <application>
                            <name>RS232</name>
                        </application>
                    </applications>
                    <valuemap/>
                    <logtimefmt/>
                </item>
                <item>
                    <name>RS232 port $1 - Async port index</name>
                    <type>4</type>
                    <snmp_community>public</snmp_community>
                    <multiplier>0</multiplier>
                    <snmp_oid>1.3.6.1.2.1.10.33.3.1.1.1</snmp_oid>
                    <key>rs232AsyncPortIndex[1]</key>
                    <delay>3600</delay>
                    <history>90</history>
                    <trends>200</trends>
                    <status>1</status>
                    <value_type>3</value_type>
                    <allowed_hosts/>
                    <units/>
                    <delta>0</delta>
                    <snmpv3_contextname/>
                    <snmpv3_securityname/>
                    <snmpv3_securitylevel>0</snmpv3_securitylevel>
                    <snmpv3_authprotocol>0</snmpv3_authprotocol>
                    <snmpv3_authpassphrase/>
                    <snmpv3_privprotocol>0</snmpv3_privprotocol>
                    <snmpv3_privpassphrase/>
                    <formula>1</formula>
                    <delay_flex/>
                    <params/>
                    <ipmi_sensor/>
                    <data_type>0</data_type>
                    <authtype>0</authtype>
                    <username/>
                    <password/>
                    <publickey/>
                    <privatekey/>
                    <port/>
                    <description/>
                    <inventory_link>0</inventory_link>
                    <applications>
                        <application>
                            <name>RS232</name>
                        </application>
                    </applications>
                    <valuemap/>
                    <logtimefmt/>
                </item>
                <item>
                    <name>RS232 port $1 - Async port index</name>
                    <type>4</type>
                    <snmp_community>public</snmp_community>
                    <multiplier>0</multiplier>
                    <snmp_oid>1.3.6.1.2.1.10.33.3.1.1.2</snmp_oid>
                    <key>rs232AsyncPortIndex[2]</key>
                    <delay>3600</delay>
                    <history>90</history>
                    <trends>200</trends>
                    <status>1</status>
                    <value_type>3</value_type>
                    <allowed_hosts/>
                    <units/>
                    <delta>0</delta>
                    <snmpv3_contextname/>
                    <snmpv3_securityname/>
                    <snmpv3_securitylevel>0</snmpv3_securitylevel>
                    <snmpv3_authprotocol>0</snmpv3_authprotocol>
                    <snmpv3_authpassphrase/>
                    <snmpv3_privprotocol>0</snmpv3_privprotocol>
                    <snmpv3_privpassphrase/>
                    <formula>1</formula>
                    <delay_flex/>
                    <params/>
                    <ipmi_sensor/>
                    <data_type>0</data_type>
                    <authtype>0</authtype>
                    <username/>
                    <password/>
                    <publickey/>
                    <privatekey/>
                    <port/>
                    <description/>
                    <inventory_link>0</inventory_link>
                    <applications>
                        <application>
                            <name>RS232</name>
                        </application>
                    </applications>
                    <valuemap/>
                    <logtimefmt/>
                </item>
                <item>
                    <name>RS232 port $1 - The port's sense of a character parity bit</name>
                    <type>4</type>
                    <snmp_community>public</snmp_community>
                    <multiplier>0</multiplier>
                    <snmp_oid>1.3.6.1.2.1.10.33.3.1.4.1</snmp_oid>
                    <key>rs232AsyncPortParity[1]</key>
                    <delay>3600</delay>
                    <history>90</history>
                    <trends>200</trends>
                    <status>1</status>
                    <value_type>3</value_type>
                    <allowed_hosts/>
                    <units/>
                    <delta>0</delta>
                    <snmpv3_contextname/>
                    <snmpv3_securityname/>
                    <snmpv3_securitylevel>0</snmpv3_securitylevel>
                    <snmpv3_authprotocol>0</snmpv3_authprotocol>
                    <snmpv3_authpassphrase/>
                    <snmpv3_privprotocol>0</snmpv3_privprotocol>
                    <snmpv3_privpassphrase/>
                    <formula>1</formula>
                    <delay_flex/>
                    <params/>
                    <ipmi_sensor/>
                    <data_type>0</data_type>
                    <authtype>0</authtype>
                    <username/>
                    <password/>
                    <publickey/>
                    <privatekey/>
                    <port/>
                    <description/>
                    <inventory_link>0</inventory_link>
                    <applications>
                        <application>
                            <name>RS232</name>
                        </application>
                    </applications>
                    <valuemap>
                        <name>RS232.rs232AsyncPortParity</name>
                    </valuemap>
                    <logtimefmt/>
                </item>
                <item>
                    <name>RS232 port $1 - The port's sense of a character parity bit</name>
                    <type>4</type>
                    <snmp_community>public</snmp_community>
                    <multiplier>0</multiplier>
                    <snmp_oid>1.3.6.1.2.1.10.33.3.1.4.2</snmp_oid>
                    <key>rs232AsyncPortParity[2]</key>
                    <delay>3600</delay>
                    <history>90</history>
                    <trends>200</trends>
                    <status>1</status>
                    <value_type>3</value_type>
                    <allowed_hosts/>
                    <units/>
                    <delta>0</delta>
                    <snmpv3_contextname/>
                    <snmpv3_securityname/>
                    <snmpv3_securitylevel>0</snmpv3_securitylevel>
                    <snmpv3_authprotocol>0</snmpv3_authprotocol>
                    <snmpv3_authpassphrase/>
                    <snmpv3_privprotocol>0</snmpv3_privprotocol>
                    <snmpv3_privpassphrase/>
                    <formula>1</formula>
                    <delay_flex/>
                    <params/>
                    <ipmi_sensor/>
                    <data_type>0</data_type>
                    <authtype>0</authtype>
                    <username/>
                    <password/>
                    <publickey/>
                    <privatekey/>
                    <port/>
                    <description/>
                    <inventory_link>0</inventory_link>
                    <applications>
                        <application>
                            <name>RS232</name>
                        </application>
                    </applications>
                    <valuemap>
                        <name>RS232.rs232AsyncPortParity</name>
                    </valuemap>
                    <logtimefmt/>
                </item>
                <item>
                    <name>RS232 port $1 - The port's number of stop bits</name>
                    <type>4</type>
                    <snmp_community>public</snmp_community>
                    <multiplier>0</multiplier>
                    <snmp_oid>1.3.6.1.2.1.10.33.3.1.3.1</snmp_oid>
                    <key>rs232AsyncPortStopBits[1]</key>
                    <delay>3600</delay>
                    <history>90</history>
                    <trends>200</trends>
                    <status>1</status>
                    <value_type>3</value_type>
                    <allowed_hosts/>
                    <units/>
                    <delta>0</delta>
                    <snmpv3_contextname/>
                    <snmpv3_securityname/>
                    <snmpv3_securitylevel>0</snmpv3_securitylevel>
                    <snmpv3_authprotocol>0</snmpv3_authprotocol>
                    <snmpv3_authpassphrase/>
                    <snmpv3_privprotocol>0</snmpv3_privprotocol>
                    <snmpv3_privpassphrase/>
                    <formula>1</formula>
                    <delay_flex/>
                    <params/>
                    <ipmi_sensor/>
                    <data_type>0</data_type>
                    <authtype>0</authtype>
                    <username/>
                    <password/>
                    <publickey/>
                    <privatekey/>
                    <port/>
                    <description/>
                    <inventory_link>0</inventory_link>
                    <applications>
                        <application>
                            <name>RS232</name>
                        </application>
                    </applications>
                    <valuemap>
                        <name>RS232.rs232AsyncPortStopBits</name>
                    </valuemap>
                    <logtimefmt/>
                </item>
                <item>
                    <name>RS232 port $1 - The port's number of stop bits</name>
                    <type>4</type>
                    <snmp_community>public</snmp_community>
                    <multiplier>0</multiplier>
                    <snmp_oid>1.3.6.1.2.1.10.33.3.1.3.2</snmp_oid>
                    <key>rs232AsyncPortStopBits[2]</key>
                    <delay>3600</delay>
                    <history>90</history>
                    <trends>200</trends>
                    <status>1</status>
                    <value_type>3</value_type>
                    <allowed_hosts/>
                    <units/>
                    <delta>0</delta>
                    <snmpv3_contextname/>
                    <snmpv3_securityname/>
                    <snmpv3_securitylevel>0</snmpv3_securitylevel>
                    <snmpv3_authprotocol>0</snmpv3_authprotocol>
                    <snmpv3_authpassphrase/>
                    <snmpv3_privprotocol>0</snmpv3_privprotocol>
                    <snmpv3_privpassphrase/>
                    <formula>1</formula>
                    <delay_flex/>
                    <params/>
                    <ipmi_sensor/>
                    <data_type>0</data_type>
                    <authtype>0</authtype>
                    <username/>
                    <password/>
                    <publickey/>
                    <privatekey/>
                    <port/>
                    <description/>
                    <inventory_link>0</inventory_link>
                    <applications>
                        <application>
                            <name>RS232</name>
                        </application>
                    </applications>
                    <valuemap>
                        <name>RS232.rs232AsyncPortStopBits</name>
                    </valuemap>
                    <logtimefmt/>
                </item>
                <item>
                    <name>RS232 - The number of ports</name>
                    <type>4</type>
                    <snmp_community>public</snmp_community>
                    <multiplier>0</multiplier>
                    <snmp_oid>1.3.6.1.2.1.10.33.1.0</snmp_oid>
                    <key>rs232Number</key>
                    <delay>3600</delay>
                    <history>90</history>
                    <trends>200</trends>
                    <status>1</status>
                    <value_type>3</value_type>
                    <allowed_hosts/>
                    <units/>
                    <delta>0</delta>
                    <snmpv3_contextname/>
                    <snmpv3_securityname/>
                    <snmpv3_securitylevel>0</snmpv3_securitylevel>
                    <snmpv3_authprotocol>0</snmpv3_authprotocol>
                    <snmpv3_authpassphrase/>
                    <snmpv3_privprotocol>0</snmpv3_privprotocol>
                    <snmpv3_privpassphrase/>
                    <formula>1</formula>
                    <delay_flex/>
                    <params/>
                    <ipmi_sensor/>
                    <data_type>0</data_type>
                    <authtype>0</authtype>
                    <username/>
                    <password/>
                    <publickey/>
                    <privatekey/>
                    <port/>
                    <description/>
                    <inventory_link>0</inventory_link>
                    <applications>
                        <application>
                            <name>RS232</name>
                        </application>
                    </applications>
                    <valuemap/>
                    <logtimefmt/>
                </item>
                <item>
                    <name>RS232 port $1 - index</name>
                    <type>4</type>
                    <snmp_community>public</snmp_community>
                    <multiplier>0</multiplier>
                    <snmp_oid>1.3.6.1.2.1.10.33.2.1.1.1</snmp_oid>
                    <key>rs232PortIndex[1]</key>
                    <delay>3600</delay>
                    <history>90</history>
                    <trends>200</trends>
                    <status>1</status>
                    <value_type>3</value_type>
                    <allowed_hosts/>
                    <units/>
                    <delta>0</delta>
                    <snmpv3_contextname/>
                    <snmpv3_securityname/>
                    <snmpv3_securitylevel>0</snmpv3_securitylevel>
                    <snmpv3_authprotocol>0</snmpv3_authprotocol>
                    <snmpv3_authpassphrase/>
                    <snmpv3_privprotocol>0</snmpv3_privprotocol>
                    <snmpv3_privpassphrase/>
                    <formula>1</formula>
                    <delay_flex/>
                    <params/>
                    <ipmi_sensor/>
                    <data_type>0</data_type>
                    <authtype>0</authtype>
                    <username/>
                    <password/>
                    <publickey/>
                    <privatekey/>
                    <port/>
                    <description/>
                    <inventory_link>0</inventory_link>
                    <applications>
                        <application>
                            <name>RS232</name>
                        </application>
                    </applications>
                    <valuemap/>
                    <logtimefmt/>
                </item>
                <item>
                    <name>RS232 port $1 - index</name>
                    <type>4</type>
                    <snmp_community>public</snmp_community>
                    <multiplier>0</multiplier>
                    <snmp_oid>1.3.6.1.2.1.10.33.2.1.1.2</snmp_oid>
                    <key>rs232PortIndex[2]</key>
                    <delay>3600</delay>
                    <history>90</history>
                    <trends>200</trends>
                    <status>1</status>
                    <value_type>3</value_type>
                    <allowed_hosts/>
                    <units/>
                    <delta>0</delta>
                    <snmpv3_contextname/>
                    <snmpv3_securityname/>
                    <snmpv3_securitylevel>0</snmpv3_securitylevel>
                    <snmpv3_authprotocol>0</snmpv3_authprotocol>
                    <snmpv3_authpassphrase/>
                    <snmpv3_privprotocol>0</snmpv3_privprotocol>
                    <snmpv3_privpassphrase/>
                    <formula>1</formula>
                    <delay_flex/>
                    <params/>
                    <ipmi_sensor/>
                    <data_type>0</data_type>
                    <authtype>0</authtype>
                    <username/>
                    <password/>
                    <publickey/>
                    <privatekey/>
                    <port/>
                    <description/>
                    <inventory_link>0</inventory_link>
                    <applications>
                        <application>
                            <name>RS232</name>
                        </application>
                    </applications>
                    <valuemap/>
                    <logtimefmt/>
                </item>
                <item>
                    <name>RS232 port $1 - The port's type of input flow control</name>
                    <type>4</type>
                    <snmp_community>public</snmp_community>
                    <multiplier>0</multiplier>
                    <snmp_oid>1.3.6.1.2.1.10.33.2.1.7.1</snmp_oid>
                    <key>rs232PortInFlowType[1]</key>
                    <delay>3600</delay>
                    <history>90</history>
                    <trends>200</trends>
                    <status>1</status>
                    <value_type>3</value_type>
                    <allowed_hosts/>
                    <units/>
                    <delta>0</delta>
                    <snmpv3_contextname/>
                    <snmpv3_securityname/>
                    <snmpv3_securitylevel>0</snmpv3_securitylevel>
                    <snmpv3_authprotocol>0</snmpv3_authprotocol>
                    <snmpv3_authpassphrase/>
                    <snmpv3_privprotocol>0</snmpv3_privprotocol>
                    <snmpv3_privpassphrase/>
                    <formula>1</formula>
                    <delay_flex/>
                    <params/>
                    <ipmi_sensor/>
                    <data_type>0</data_type>
                    <authtype>0</authtype>
                    <username/>
                    <password/>
                    <publickey/>
                    <privatekey/>
                    <port/>
                    <description/>
                    <inventory_link>0</inventory_link>
                    <applications>
                        <application>
                            <name>RS232</name>
                        </application>
                    </applications>
                    <valuemap>
                        <name>RS232.rs232PortInFlowType</name>
                    </valuemap>
                    <logtimefmt/>
                </item>
                <item>
                    <name>RS232 port $1 - The port's type of input flow control</name>
                    <type>4</type>
                    <snmp_community>public</snmp_community>
                    <multiplier>0</multiplier>
                    <snmp_oid>1.3.6.1.2.1.10.33.2.1.7.2</snmp_oid>
                    <key>rs232PortInFlowType[2]</key>
                    <delay>3600</delay>
                    <history>90</history>
                    <trends>200</trends>
                    <status>1</status>
                    <value_type>3</value_type>
                    <allowed_hosts/>
                    <units/>
                    <delta>0</delta>
                    <snmpv3_contextname/>
                    <snmpv3_securityname/>
                    <snmpv3_securitylevel>0</snmpv3_securitylevel>
                    <snmpv3_authprotocol>0</snmpv3_authprotocol>
                    <snmpv3_authpassphrase/>
                    <snmpv3_privprotocol>0</snmpv3_privprotocol>
                    <snmpv3_privpassphrase/>
                    <formula>1</formula>
                    <delay_flex/>
                    <params/>
                    <ipmi_sensor/>
                    <data_type>0</data_type>
                    <authtype>0</authtype>
                    <username/>
                    <password/>
                    <publickey/>
                    <privatekey/>
                    <port/>
                    <description/>
                    <inventory_link>0</inventory_link>
                    <applications>
                        <application>
                            <name>RS232</name>
                        </application>
                    </applications>
                    <valuemap>
                        <name>RS232.rs232PortInFlowType</name>
                    </valuemap>
                    <logtimefmt/>
                </item>
                <item>
                    <name>RS232 port $1 - The port's input speed in bits per second</name>
                    <type>4</type>
                    <snmp_community>public</snmp_community>
                    <multiplier>0</multiplier>
                    <snmp_oid>1.3.6.1.2.1.10.33.2.1.5.1</snmp_oid>
                    <key>rs232PortInSpeed[1]</key>
                    <delay>3600</delay>
                    <history>90</history>
                    <trends>200</trends>
                    <status>1</status>
                    <value_type>3</value_type>
                    <allowed_hosts/>
                    <units>bps</units>
                    <delta>0</delta>
                    <snmpv3_contextname/>
                    <snmpv3_securityname/>
                    <snmpv3_securitylevel>0</snmpv3_securitylevel>
                    <snmpv3_authprotocol>0</snmpv3_authprotocol>
                    <snmpv3_authpassphrase/>
                    <snmpv3_privprotocol>0</snmpv3_privprotocol>
                    <snmpv3_privpassphrase/>
                    <formula>1</formula>
                    <delay_flex/>
                    <params/>
                    <ipmi_sensor/>
                    <data_type>0</data_type>
                    <authtype>0</authtype>
                    <username/>
                    <password/>
                    <publickey/>
                    <privatekey/>
                    <port/>
                    <description/>
                    <inventory_link>0</inventory_link>
                    <applications>
                        <application>
                            <name>RS232</name>
                        </application>
                    </applications>
                    <valuemap/>
                    <logtimefmt/>
                </item>
                <item>
                    <name>RS232 port $1 - The port's input speed in bits per second</name>
                    <type>4</type>
                    <snmp_community>public</snmp_community>
                    <multiplier>0</multiplier>
                    <snmp_oid>1.3.6.1.2.1.10.33.2.1.5.2</snmp_oid>
                    <key>rs232PortInSpeed[2]</key>
                    <delay>3600</delay>
                    <history>90</history>
                    <trends>200</trends>
                    <status>1</status>
                    <value_type>3</value_type>
                    <allowed_hosts/>
                    <units>bps</units>
                    <delta>0</delta>
                    <snmpv3_contextname/>
                    <snmpv3_securityname/>
                    <snmpv3_securitylevel>0</snmpv3_securitylevel>
                    <snmpv3_authprotocol>0</snmpv3_authprotocol>
                    <snmpv3_authpassphrase/>
                    <snmpv3_privprotocol>0</snmpv3_privprotocol>
                    <snmpv3_privpassphrase/>
                    <formula>1</formula>
                    <delay_flex/>
                    <params/>
                    <ipmi_sensor/>
                    <data_type>0</data_type>
                    <authtype>0</authtype>
                    <username/>
                    <password/>
                    <publickey/>
                    <privatekey/>
                    <port/>
                    <description/>
                    <inventory_link>0</inventory_link>
                    <applications>
                        <application>
                            <name>RS232</name>
                        </application>
                    </applications>
                    <valuemap/>
                    <logtimefmt/>
                </item>
                <item>
                    <name>RS232 port $1 - The port's type of output flow control</name>
                    <type>1</type>
                    <snmp_community>public</snmp_community>
                    <multiplier>0</multiplier>
                    <snmp_oid>1.3.6.1.2.1.10.33.2.1.8.1</snmp_oid>
                    <key>rs232PortOutFlowType[1]</key>
                    <delay>3600</delay>
                    <history>90</history>
                    <trends>200</trends>
                    <status>1</status>
                    <value_type>3</value_type>
                    <allowed_hosts/>
                    <units/>
                    <delta>0</delta>
                    <snmpv3_contextname/>
                    <snmpv3_securityname/>
                    <snmpv3_securitylevel>0</snmpv3_securitylevel>
                    <snmpv3_authprotocol>0</snmpv3_authprotocol>
                    <snmpv3_authpassphrase/>
                    <snmpv3_privprotocol>0</snmpv3_privprotocol>
                    <snmpv3_privpassphrase/>
                    <formula>1</formula>
                    <delay_flex/>
                    <params/>
                    <ipmi_sensor/>
                    <data_type>0</data_type>
                    <authtype>0</authtype>
                    <username/>
                    <password/>
                    <publickey/>
                    <privatekey/>
                    <port/>
                    <description/>
                    <inventory_link>0</inventory_link>
                    <applications>
                        <application>
                            <name>RS232</name>
                        </application>
                    </applications>
                    <valuemap>
                        <name>RS232.rs232PortInFlowType</name>
                    </valuemap>
                    <logtimefmt/>
                </item>
                <item>
                    <name>RS232 port $1 - The port's type of output flow control</name>
                    <type>1</type>
                    <snmp_community>public</snmp_community>
                    <multiplier>0</multiplier>
                    <snmp_oid>1.3.6.1.2.1.10.33.2.1.8.2</snmp_oid>
                    <key>rs232PortOutFlowType[2]</key>
                    <delay>3600</delay>
                    <history>90</history>
                    <trends>200</trends>
                    <status>1</status>
                    <value_type>3</value_type>
                    <allowed_hosts/>
                    <units/>
                    <delta>0</delta>
                    <snmpv3_contextname/>
                    <snmpv3_securityname/>
                    <snmpv3_securitylevel>0</snmpv3_securitylevel>
                    <snmpv3_authprotocol>0</snmpv3_authprotocol>
                    <snmpv3_authpassphrase/>
                    <snmpv3_privprotocol>0</snmpv3_privprotocol>
                    <snmpv3_privpassphrase/>
                    <formula>1</formula>
                    <delay_flex/>
                    <params/>
                    <ipmi_sensor/>
                    <data_type>0</data_type>
                    <authtype>0</authtype>
                    <username/>
                    <password/>
                    <publickey/>
                    <privatekey/>
                    <port/>
                    <description/>
                    <inventory_link>0</inventory_link>
                    <applications>
                        <application>
                            <name>RS232</name>
                        </application>
                    </applications>
                    <valuemap>
                        <name>RS232.rs232PortInFlowType</name>
                    </valuemap>
                    <logtimefmt/>
                </item>
                <item>
                    <name>RS232 port $1 - The port's output speed in bits per second</name>
                    <type>4</type>
                    <snmp_community>public</snmp_community>
                    <multiplier>0</multiplier>
                    <snmp_oid>1.3.6.1.2.1.10.33.2.1.6.1</snmp_oid>
                    <key>rs232PortOutSpeed[1]</key>
                    <delay>3600</delay>
                    <history>90</history>
                    <trends>200</trends>
                    <status>1</status>
                    <value_type>3</value_type>
                    <allowed_hosts/>
                    <units>bps</units>
                    <delta>0</delta>
                    <snmpv3_contextname/>
                    <snmpv3_securityname/>
                    <snmpv3_securitylevel>0</snmpv3_securitylevel>
                    <snmpv3_authprotocol>0</snmpv3_authprotocol>
                    <snmpv3_authpassphrase/>
                    <snmpv3_privprotocol>0</snmpv3_privprotocol>
                    <snmpv3_privpassphrase/>
                    <formula>1</formula>
                    <delay_flex/>
                    <params/>
                    <ipmi_sensor/>
                    <data_type>0</data_type>
                    <authtype>0</authtype>
                    <username/>
                    <password/>
                    <publickey/>
                    <privatekey/>
                    <port/>
                    <description/>
                    <inventory_link>0</inventory_link>
                    <applications>
                        <application>
                            <name>RS232</name>
                        </application>
                    </applications>
                    <valuemap/>
                    <logtimefmt/>
                </item>
                <item>
                    <name>RS232 port $1 - The port's output speed in bits per second</name>
                    <type>4</type>
                    <snmp_community>public</snmp_community>
                    <multiplier>0</multiplier>
                    <snmp_oid>1.3.6.1.2.1.10.33.2.1.6.2</snmp_oid>
                    <key>rs232PortOutSpeed[2]</key>
                    <delay>3600</delay>
                    <history>90</history>
                    <trends>200</trends>
                    <status>1</status>
                    <value_type>3</value_type>
                    <allowed_hosts/>
                    <units>bps</units>
                    <delta>0</delta>
                    <snmpv3_contextname/>
                    <snmpv3_securityname/>
                    <snmpv3_securitylevel>0</snmpv3_securitylevel>
                    <snmpv3_authprotocol>0</snmpv3_authprotocol>
                    <snmpv3_authpassphrase/>
                    <snmpv3_privprotocol>0</snmpv3_privprotocol>
                    <snmpv3_privpassphrase/>
                    <formula>1</formula>
                    <delay_flex/>
                    <params/>
                    <ipmi_sensor/>
                    <data_type>0</data_type>
                    <authtype>0</authtype>
                    <username/>
                    <password/>
                    <publickey/>
                    <privatekey/>
                    <port/>
                    <description/>
                    <inventory_link>0</inventory_link>
                    <applications>
                        <application>
                            <name>RS232</name>
                        </application>
                    </applications>
                    <valuemap/>
                    <logtimefmt/>
                </item>
                <item>
                    <name>RS232 port $1 - The port's hardware type</name>
                    <type>4</type>
                    <snmp_community>public</snmp_community>
                    <multiplier>0</multiplier>
                    <snmp_oid>1.3.6.1.2.1.10.33.2.1.2.1</snmp_oid>
                    <key>rs232PortType[1]</key>
                    <delay>3600</delay>
                    <history>90</history>
                    <trends>200</trends>
                    <status>1</status>
                    <value_type>3</value_type>
                    <allowed_hosts/>
                    <units/>
                    <delta>0</delta>
                    <snmpv3_contextname/>
                    <snmpv3_securityname/>
                    <snmpv3_securitylevel>0</snmpv3_securitylevel>
                    <snmpv3_authprotocol>0</snmpv3_authprotocol>
                    <snmpv3_authpassphrase/>
                    <snmpv3_privprotocol>0</snmpv3_privprotocol>
                    <snmpv3_privpassphrase/>
                    <formula>1</formula>
                    <delay_flex/>
                    <params/>
                    <ipmi_sensor/>
                    <data_type>0</data_type>
                    <authtype>0</authtype>
                    <username/>
                    <password/>
                    <publickey/>
                    <privatekey/>
                    <port/>
                    <description/>
                    <inventory_link>0</inventory_link>
                    <applications>
                        <application>
                            <name>RS232</name>
                        </application>
                    </applications>
                    <valuemap>
                        <name>RS232.rs232PortType</name>
                    </valuemap>
                    <logtimefmt/>
                </item>
                <item>
                    <name>RS232 port $1 - The port's hardware type</name>
                    <type>4</type>
                    <snmp_community>public</snmp_community>
                    <multiplier>0</multiplier>
                    <snmp_oid>1.3.6.1.2.1.10.33.2.1.2.2</snmp_oid>
                    <key>rs232PortType[2]</key>
                    <delay>3600</delay>
                    <history>90</history>
                    <trends>200</trends>
                    <status>1</status>
                    <value_type>3</value_type>
                    <allowed_hosts/>
                    <units/>
                    <delta>0</delta>
                    <snmpv3_contextname/>
                    <snmpv3_securityname/>
                    <snmpv3_securitylevel>0</snmpv3_securitylevel>
                    <snmpv3_authprotocol>0</snmpv3_authprotocol>
                    <snmpv3_authpassphrase/>
                    <snmpv3_privprotocol>0</snmpv3_privprotocol>
                    <snmpv3_privpassphrase/>
                    <formula>1</formula>
                    <delay_flex/>
                    <params/>
                    <ipmi_sensor/>
                    <data_type>0</data_type>
                    <authtype>0</authtype>
                    <username/>
                    <password/>
                    <publickey/>
                    <privatekey/>
                    <port/>
                    <description/>
                    <inventory_link>0</inventory_link>
                    <applications>
                        <application>
                            <name>RS232</name>
                        </application>
                    </applications>
                    <valuemap>
                        <name>RS232.rs232PortType</name>
                    </valuemap>
                    <logtimefmt/>
                </item>
            </items>
            <discovery_rules/>
            <macros/>
            <templates/>
            <screens/>
        </template>
    </templates>
    <value_maps>
        <value_map>
            <name>RS232.rs232AsyncPortParity</name>
            <mappings>
                <mapping>
                    <value>1</value>
                    <newvalue>none</newvalue>
                </mapping>
                <mapping>
                    <value>2</value>
                    <newvalue>odd</newvalue>
                </mapping>
                <mapping>
                    <value>3</value>
                    <newvalue>even</newvalue>
                </mapping>
                <mapping>
                    <value>4</value>
                    <newvalue>mark</newvalue>
                </mapping>
                <mapping>
                    <value>5</value>
                    <newvalue>space</newvalue>
                </mapping>
            </mappings>
        </value_map>
        <value_map>
            <name>RS232.rs232AsyncPortStopBits</name>
            <mappings>
                <mapping>
                    <value>1</value>
                    <newvalue>one</newvalue>
                </mapping>
                <mapping>
                    <value>2</value>
                    <newvalue>two</newvalue>
                </mapping>
                <mapping>
                    <value>3</value>
                    <newvalue>oneAndHalf</newvalue>
                </mapping>
                <mapping>
                    <value>4</value>
                    <newvalue>dynamic</newvalue>
                </mapping>
            </mappings>
        </value_map>
        <value_map>
            <name>RS232.rs232PortInFlowType</name>
            <mappings>
                <mapping>
                    <value>1</value>
                    <newvalue>none</newvalue>
                </mapping>
                <mapping>
                    <value>2</value>
                    <newvalue>ctsRts</newvalue>
                </mapping>
                <mapping>
                    <value>3</value>
                    <newvalue>dsrDtr</newvalue>
                </mapping>
            </mappings>
        </value_map>
        <value_map>
            <name>RS232.rs232PortType</name>
            <mappings>
                <mapping>
                    <value>1</value>
                    <newvalue>other</newvalue>
                </mapping>
                <mapping>
                    <value>2</value>
                    <newvalue>rs232</newvalue>
                </mapping>
                <mapping>
                    <value>3</value>
                    <newvalue>rs422</newvalue>
                </mapping>
                <mapping>
                    <value>4</value>
                    <newvalue>rs423</newvalue>
                </mapping>
                <mapping>
                    <value>5</value>
                    <newvalue>v35</newvalue>
                </mapping>
                <mapping>
                    <value>6</value>
                    <newvalue>x21</newvalue>
                </mapping>
            </mappings>
        </value_map>
    </value_maps>
</zabbix_export>
