<?xml version="1.0" encoding="UTF-8"?>
<zabbix_export>
    <version>3.0</version>
    <date>2017-08-09T07:44:10Z</date>
    <value_maps>
        <value_map>
            <name>ICMP ping - Accessibility</name>
            <mappings>
                <mapping>
                    <value>0</value>
                    <newvalue>ICMP ping fails</newvalue>
                </mapping>
                <mapping>
                    <value>1</value>
                    <newvalue>ICMP ping successful</newvalue>
                </mapping>
            </mappings>
        </value_map>
        <value_map>
            <name>RFC1213.ifType</name>
            <mappings>
                <mapping>
                    <value>1</value>
                    <newvalue>other</newvalue>
                </mapping>
                <mapping>
                    <value>2</value>
                    <newvalue>regular1822</newvalue>
                </mapping>
                <mapping>
                    <value>3</value>
                    <newvalue>hdh1822</newvalue>
                </mapping>
                <mapping>
                    <value>4</value>
                    <newvalue>ddn-x25</newvalue>
                </mapping>
                <mapping>
                    <value>5</value>
                    <newvalue>rfc877-x25</newvalue>
                </mapping>
                <mapping>
                    <value>6</value>
                    <newvalue>ethernet-csmacd</newvalue>
                </mapping>
                <mapping>
                    <value>7</value>
                    <newvalue>iso88023-csmacd</newvalue>
                </mapping>
                <mapping>
                    <value>8</value>
                    <newvalue>iso88024-tokenBus</newvalue>
                </mapping>
                <mapping>
                    <value>9</value>
                    <newvalue>iso88025-tokenRing</newvalue>
                </mapping>
                <mapping>
                    <value>10</value>
                    <newvalue>iso88026-man</newvalue>
                </mapping>
                <mapping>
                    <value>11</value>
                    <newvalue>starLan</newvalue>
                </mapping>
                <mapping>
                    <value>12</value>
                    <newvalue>proteon-10Mbit</newvalue>
                </mapping>
                <mapping>
                    <value>13</value>
                    <newvalue>proteon-80Mbit</newvalue>
                </mapping>
                <mapping>
                    <value>14</value>
                    <newvalue>hyperchannel</newvalue>
                </mapping>
                <mapping>
                    <value>15</value>
                    <newvalue>fddi</newvalue>
                </mapping>
                <mapping>
                    <value>16</value>
                    <newvalue>lapb</newvalue>
                </mapping>
                <mapping>
                    <value>17</value>
                    <newvalue>sdlc</newvalue>
                </mapping>
                <mapping>
                    <value>18</value>
                    <newvalue>ds1</newvalue>
                </mapping>
                <mapping>
                    <value>19</value>
                    <newvalue>e1</newvalue>
                </mapping>
                <mapping>
                    <value>20</value>
                    <newvalue>basicISDN</newvalue>
                </mapping>
                <mapping>
                    <value>21</value>
                    <newvalue>primaryISDN</newvalue>
                </mapping>
                <mapping>
                    <value>22</value>
                    <newvalue>propPointToPointSerial</newvalue>
                </mapping>
                <mapping>
                    <value>23</value>
                    <newvalue>ppp</newvalue>
                </mapping>
                <mapping>
                    <value>24</value>
                    <newvalue>softwareLoopback</newvalue>
                </mapping>
                <mapping>
                    <value>25</value>
                    <newvalue>eon</newvalue>
                </mapping>
                <mapping>
                    <value>26</value>
                    <newvalue>ethernet-3Mbit</newvalue>
                </mapping>
                <mapping>
                    <value>27</value>
                    <newvalue>nsip</newvalue>
                </mapping>
                <mapping>
                    <value>28</value>
                    <newvalue>slip</newvalue>
                </mapping>
                <mapping>
                    <value>29</value>
                    <newvalue>ultra</newvalue>
                </mapping>
                <mapping>
                    <value>30</value>
                    <newvalue>ds3</newvalue>
                </mapping>
                <mapping>
                    <value>31</value>
                    <newvalue>sip</newvalue>
                </mapping>
                <mapping>
                    <value>32</value>
                    <newvalue>frame-relay</newvalue>
                </mapping>
            </mappings>
        </value_map>
        <value_map>
            <name>RFC1213.ipForwarding</name>
            <mappings>
                <mapping>
                    <value>1</value>
                    <newvalue>forwarding</newvalue>
                </mapping>
                <mapping>
                    <value>2</value>
                    <newvalue>not-forwarding</newvalue>
                </mapping>
            </mappings>
        </value_map>
        <value_map>
            <name>RFC1213.snmpEnableAuthenTraps</name>
            <mappings>
                <mapping>
                    <value>1</value>
                    <newvalue>enabled</newvalue>
                </mapping>
                <mapping>
                    <value>2</value>
                    <newvalue>disabled</newvalue>
                </mapping>
            </mappings>
        </value_map>
        <value_map>
            <name>RipEX.AlmState</name>
            <mappings>
                <mapping>
                    <value>-1</value>
                    <newvalue>unknown</newvalue>
                </mapping>
                <mapping>
                    <value>0</value>
                    <newvalue>inactive</newvalue>
                </mapping>
                <mapping>
                    <value>1</value>
                    <newvalue>active</newvalue>
                </mapping>
            </mappings>
        </value_map>
        <value_map>
            <name>RipEX.BackupPathsState</name>
            <mappings>
                <mapping>
                    <value>0</value>
                    <newvalue>unknown</newvalue>
                </mapping>
                <mapping>
                    <value>1</value>
                    <newvalue>up</newvalue>
                </mapping>
                <mapping>
                    <value>2</value>
                    <newvalue>down</newvalue>
                </mapping>
            </mappings>
        </value_map>
        <value_map>
            <name>RipEX.comProtocol</name>
            <mappings>
                <mapping>
                    <value>0</value>
                    <newvalue>none</newvalue>
                </mapping>
                <mapping>
                    <value>3</value>
                    <newvalue>AsyncLink</newvalue>
                </mapping>
                <mapping>
                    <value>4</value>
                    <newvalue>Modbus</newvalue>
                </mapping>
                <mapping>
                    <value>5</value>
                    <newvalue>IEC101</newvalue>
                </mapping>
                <mapping>
                    <value>6</value>
                    <newvalue>DNP3</newvalue>
                </mapping>
                <mapping>
                    <value>7</value>
                    <newvalue>UNI</newvalue>
                </mapping>
                <mapping>
                    <value>8</value>
                    <newvalue>Comli</newvalue>
                </mapping>
                <mapping>
                    <value>9</value>
                    <newvalue>DF1</newvalue>
                </mapping>
                <mapping>
                    <value>10</value>
                    <newvalue>Profibus</newvalue>
                </mapping>
                <mapping>
                    <value>12</value>
                    <newvalue>C24</newvalue>
                </mapping>
                <mapping>
                    <value>13</value>
                    <newvalue>RP570</newvalue>
                </mapping>
                <mapping>
                    <value>14</value>
                    <newvalue>Cactus</newvalue>
                </mapping>
                <mapping>
                    <value>15</value>
                    <newvalue>ITT Flygt</newvalue>
                </mapping>
                <mapping>
                    <value>18</value>
                    <newvalue>SLIP</newvalue>
                </mapping>
                <mapping>
                    <value>19</value>
                    <newvalue>Siemens 3964 (R)</newvalue>
                </mapping>
                <mapping>
                    <value>20</value>
                    <newvalue>PR2000</newvalue>
                </mapping>
            </mappings>
        </value_map>
        <value_map>
            <name>RipEX.deviceMode</name>
            <mappings>
                <mapping>
                    <value>1</value>
                    <newvalue>bridge</newvalue>
                </mapping>
                <mapping>
                    <value>2</value>
                    <newvalue>router</newvalue>
                </mapping>
            </mappings>
        </value_map>
        <value_map>
            <name>RipEX.eDhcp</name>
            <mappings>
                <mapping>
                    <value>0</value>
                    <newvalue>off</newvalue>
                </mapping>
                <mapping>
                    <value>1</value>
                    <newvalue>server</newvalue>
                </mapping>
                <mapping>
                    <value>2</value>
                    <newvalue>client</newvalue>
                </mapping>
            </mappings>
        </value_map>
        <value_map>
            <name>RipEX.eSpeed</name>
            <mappings>
                <mapping>
                    <value>0</value>
                    <newvalue>auto</newvalue>
                </mapping>
                <mapping>
                    <value>1</value>
                    <newvalue>s-100baseTX-Full</newvalue>
                </mapping>
                <mapping>
                    <value>2</value>
                    <newvalue>s-100baseTX-Half</newvalue>
                </mapping>
                <mapping>
                    <value>3</value>
                    <newvalue>s-10baseT-Full</newvalue>
                </mapping>
                <mapping>
                    <value>4</value>
                    <newvalue>s-10baseT-Half</newvalue>
                </mapping>
            </mappings>
        </value_map>
        <value_map>
            <name>RipEX.ifTmATM</name>
            <mappings>
                <mapping>
                    <value>0</value>
                    <newvalue>mask</newvalue>
                </mapping>
                <mapping>
                    <value>1</value>
                    <newvalue>table</newvalue>
                </mapping>
            </mappings>
        </value_map>
        <value_map>
            <name>RipEX.IOState</name>
            <mappings>
                <mapping>
                    <value>-1</value>
                    <newvalue>unknown</newvalue>
                </mapping>
                <mapping>
                    <value>0</value>
                    <newvalue>off</newvalue>
                </mapping>
                <mapping>
                    <value>1</value>
                    <newvalue>on</newvalue>
                </mapping>
            </mappings>
        </value_map>
        <value_map>
            <name>RipEX.RelayContactType</name>
            <mappings>
                <mapping>
                    <value>0</value>
                    <newvalue>off</newvalue>
                </mapping>
                <mapping>
                    <value>1</value>
                    <newvalue>normally-closed</newvalue>
                </mapping>
                <mapping>
                    <value>2</value>
                    <newvalue>normally-open</newvalue>
                </mapping>
            </mappings>
        </value_map>
        <value_map>
            <name>RipEX.rEncryption</name>
            <mappings>
                <mapping>
                    <value>0</value>
                    <newvalue>off</newvalue>
                </mapping>
                <mapping>
                    <value>1</value>
                    <newvalue>aes256</newvalue>
                </mapping>
            </mappings>
        </value_map>
        <value_map>
            <name>RipEX.rRfPwr</name>
            <mappings>
                <mapping>
                    <value>0</value>
                    <newvalue>mE-100mW</newvalue>
                </mapping>
                <mapping>
                    <value>1</value>
                    <newvalue>mE-200mW</newvalue>
                </mapping>
                <mapping>
                    <value>2</value>
                    <newvalue>mE-500mW</newvalue>
                </mapping>
                <mapping>
                    <value>3</value>
                    <newvalue>mE-1W</newvalue>
                </mapping>
                <mapping>
                    <value>4</value>
                    <newvalue>mE-2W</newvalue>
                </mapping>
                <mapping>
                    <value>5</value>
                    <newvalue>mE-3W</newvalue>
                </mapping>
                <mapping>
                    <value>6</value>
                    <newvalue>mE-4W</newvalue>
                </mapping>
                <mapping>
                    <value>7</value>
                    <newvalue>mE-5W</newvalue>
                </mapping>
                <mapping>
                    <value>8</value>
                    <newvalue>mE-10W</newvalue>
                </mapping>
                <mapping>
                    <value>9</value>
                    <newvalue>mE-8W</newvalue>
                </mapping>
                <mapping>
                    <value>17</value>
                    <newvalue>mL-200mW</newvalue>
                </mapping>
                <mapping>
                    <value>18</value>
                    <newvalue>mL-500mW</newvalue>
                </mapping>
                <mapping>
                    <value>19</value>
                    <newvalue>mL-1W</newvalue>
                </mapping>
                <mapping>
                    <value>20</value>
                    <newvalue>mL-2W</newvalue>
                </mapping>
            </mappings>
        </value_map>
        <value_map>
            <name>RipEX.SettingState</name>
            <mappings>
                <mapping>
                    <value>0</value>
                    <newvalue>off</newvalue>
                </mapping>
                <mapping>
                    <value>1</value>
                    <newvalue>on</newvalue>
                </mapping>
            </mappings>
        </value_map>
        <value_map>
            <name>RipEX.tsEthProtType</name>
            <mappings>
                <mapping>
                    <value>0</value>
                    <newvalue>tcp</newvalue>
                </mapping>
                <mapping>
                    <value>1</value>
                    <newvalue>udp</newvalue>
                </mapping>
            </mappings>
        </value_map>
        <value_map>
            <name>RS232.rs232AsyncPortParity</name>
            <mappings>
                <mapping>
                    <value>1</value>
                    <newvalue>none</newvalue>
                </mapping>
                <mapping>
                    <value>2</value>
                    <newvalue>odd</newvalue>
                </mapping>
                <mapping>
                    <value>3</value>
                    <newvalue>even</newvalue>
                </mapping>
                <mapping>
                    <value>4</value>
                    <newvalue>mark</newvalue>
                </mapping>
                <mapping>
                    <value>5</value>
                    <newvalue>space</newvalue>
                </mapping>
            </mappings>
        </value_map>
        <value_map>
            <name>RS232.rs232AsyncPortStopBits</name>
            <mappings>
                <mapping>
                    <value>1</value>
                    <newvalue>one</newvalue>
                </mapping>
                <mapping>
                    <value>2</value>
                    <newvalue>two</newvalue>
                </mapping>
                <mapping>
                    <value>3</value>
                    <newvalue>oneAndHalf</newvalue>
                </mapping>
                <mapping>
                    <value>4</value>
                    <newvalue>dynamic</newvalue>
                </mapping>
            </mappings>
        </value_map>
        <value_map>
            <name>RS232.rs232PortInFlowType</name>
            <mappings>
                <mapping>
                    <value>1</value>
                    <newvalue>none</newvalue>
                </mapping>
                <mapping>
                    <value>2</value>
                    <newvalue>ctsRts</newvalue>
                </mapping>
                <mapping>
                    <value>3</value>
                    <newvalue>dsrDtr</newvalue>
                </mapping>
            </mappings>
        </value_map>
        <value_map>
            <name>RS232.rs232PortType</name>
            <mappings>
                <mapping>
                    <value>1</value>
                    <newvalue>other</newvalue>
                </mapping>
                <mapping>
                    <value>2</value>
                    <newvalue>rs232</newvalue>
                </mapping>
                <mapping>
                    <value>3</value>
                    <newvalue>rs422</newvalue>
                </mapping>
                <mapping>
                    <value>4</value>
                    <newvalue>rs423</newvalue>
                </mapping>
                <mapping>
                    <value>5</value>
                    <newvalue>v35</newvalue>
                </mapping>
                <mapping>
                    <value>6</value>
                    <newvalue>x21</newvalue>
                </mapping>
            </mappings>
        </value_map>
    </value_maps>
</zabbix_export>
