<?xml version="1.0" encoding="UTF-8"?>
<zabbix_export>
    <version>3.0</version>
    <date>2018-03-19T14:09:58Z</date>
    <groups>
        <group>
            <name>Templates</name>
        </group>
    </groups>
    <templates>
        <template>
            <template>RipEX SNMP Trapper Template</template>
            <name>RipEX SNMP Trapper Template</name>
            <description/>
            <groups>
                <group>
                    <name>Templates</name>
                </group>
            </groups>
            <applications>
                <application>
                    <name>TRAPS</name>
                </application>
            </applications>
            <items>
                <item>
                    <name>Backup path state has changed</name>
                    <type>2</type>
                    <snmp_community/>
                    <multiplier>0</multiplier>
                    <snmp_oid/>
                    <key>trpBpath</key>
                    <delay>0</delay>
                    <history>90</history>
                    <trends>0</trends>
                    <status>0</status>
                    <value_type>1</value_type>
                    <allowed_hosts/>
                    <units/>
                    <delta>0</delta>
                    <snmpv3_contextname/>
                    <snmpv3_securityname/>
                    <snmpv3_securitylevel>0</snmpv3_securitylevel>
                    <snmpv3_authprotocol>0</snmpv3_authprotocol>
                    <snmpv3_authpassphrase/>
                    <snmpv3_privprotocol>0</snmpv3_privprotocol>
                    <snmpv3_privpassphrase/>
                    <formula>1</formula>
                    <delay_flex/>
                    <params/>
                    <ipmi_sensor/>
                    <data_type>0</data_type>
                    <authtype>0</authtype>
                    <username/>
                    <password/>
                    <publickey/>
                    <privatekey/>
                    <port/>
                    <description>A notification to indicate change in Backup paths&#13;
system - backup path state has been changed.&#13;
This notification sends additional information about&#13;
the event by including the following objects in its&#13;
varbinding list.&#13;
- bpathsPeerIp: Backup path peer IP address.&#13;
- bpathsName: Backup path symbolic name.&#13;
- bpathsAltUsedPrio: Currently used alternative path&#13;
priority number.&#13;
- bpathsAltUsedGw: Currently used alternative path&#13;
gateway IP address.&#13;
- bpathsAltUsedState: Currently used alternative path&#13;
state.</description>
                    <inventory_link>0</inventory_link>
                    <applications>
                        <application>
                            <name>TRAPS</name>
                        </application>
                    </applications>
                    <valuemap/>
                    <logtimefmt/>
                </item>
                <item>
                    <name>Alternative path state has changed</name>
                    <type>2</type>
                    <snmp_community/>
                    <multiplier>0</multiplier>
                    <snmp_oid/>
                    <key>trpBpathAlt</key>
                    <delay>0</delay>
                    <history>90</history>
                    <trends>0</trends>
                    <status>0</status>
                    <value_type>1</value_type>
                    <allowed_hosts/>
                    <units/>
                    <delta>0</delta>
                    <snmpv3_contextname/>
                    <snmpv3_securityname/>
                    <snmpv3_securitylevel>0</snmpv3_securitylevel>
                    <snmpv3_authprotocol>0</snmpv3_authprotocol>
                    <snmpv3_authpassphrase/>
                    <snmpv3_privprotocol>0</snmpv3_privprotocol>
                    <snmpv3_privpassphrase/>
                    <formula>1</formula>
                    <delay_flex/>
                    <params/>
                    <ipmi_sensor/>
                    <data_type>0</data_type>
                    <authtype>0</authtype>
                    <username/>
                    <password/>
                    <publickey/>
                    <privatekey/>
                    <port/>
                    <description>A notification to indicate change in Backup paths&#13;
system - alternative path state has been changed.&#13;
This notification sends additional information about&#13;
the event by including the following objects in its&#13;
varbinding list.&#13;
- bpathsPeerIp: Backup path peer IP address.&#13;
- bpathsName: Backup path symbolic name.&#13;
- bpathsAltUsedPrio: Currently used alternative path&#13;
priority number.&#13;
- bpathsAltUsedGw: Currently used alternative path&#13;
gateway IP address.&#13;
- bpathsAltUsedState: Currently used alternative path&#13;
state.</description>
                    <inventory_link>0</inventory_link>
                    <applications>
                        <application>
                            <name>TRAPS</name>
                        </application>
                    </applications>
                    <valuemap/>
                    <logtimefmt/>
                </item>
                <item>
                    <name>COM1 RX/TX packet ratio out of range</name>
                    <type>2</type>
                    <snmp_community/>
                    <multiplier>0</multiplier>
                    <snmp_oid/>
                    <key>trpCom1Pr</key>
                    <delay>0</delay>
                    <history>90</history>
                    <trends>0</trends>
                    <status>0</status>
                    <value_type>1</value_type>
                    <allowed_hosts/>
                    <units/>
                    <delta>0</delta>
                    <snmpv3_contextname/>
                    <snmpv3_securityname/>
                    <snmpv3_securitylevel>0</snmpv3_securitylevel>
                    <snmpv3_authprotocol>0</snmpv3_authprotocol>
                    <snmpv3_authpassphrase/>
                    <snmpv3_privprotocol>0</snmpv3_privprotocol>
                    <snmpv3_privpassphrase/>
                    <formula>1</formula>
                    <delay_flex/>
                    <params/>
                    <ipmi_sensor/>
                    <data_type>0</data_type>
                    <authtype>0</authtype>
                    <username/>
                    <password/>
                    <publickey/>
                    <privatekey/>
                    <port/>
                    <description>A notification to indicate that average COM1 interface&#13;
Rx to Tx packets ratio value has exceeded threshold&#13;
limits.&#13;
This notification sends additional information about&#13;
the event by including the following objects in its&#13;
varbinding list.&#13;
- alarmStateRxTxCom1: Alarm state of COM1 Rx to Tx&#13;
packets ratio value.&#13;
- wvRxTxCom1: Local station - COM1 Rx to Tx packets&#13;
ratio value from interval &lt;1, 10000&gt; in hundredths.</description>
                    <inventory_link>0</inventory_link>
                    <applications>
                        <application>
                            <name>TRAPS</name>
                        </application>
                    </applications>
                    <valuemap/>
                    <logtimefmt/>
                </item>
                <item>
                    <name>COM2 RX/TX packet ratio out of range</name>
                    <type>2</type>
                    <snmp_community/>
                    <multiplier>0</multiplier>
                    <snmp_oid/>
                    <key>trpCom2Pr</key>
                    <delay>0</delay>
                    <history>90</history>
                    <trends>0</trends>
                    <status>0</status>
                    <value_type>1</value_type>
                    <allowed_hosts/>
                    <units/>
                    <delta>0</delta>
                    <snmpv3_contextname/>
                    <snmpv3_securityname/>
                    <snmpv3_securitylevel>0</snmpv3_securitylevel>
                    <snmpv3_authprotocol>0</snmpv3_authprotocol>
                    <snmpv3_authpassphrase/>
                    <snmpv3_privprotocol>0</snmpv3_privprotocol>
                    <snmpv3_privpassphrase/>
                    <formula>1</formula>
                    <delay_flex/>
                    <params/>
                    <ipmi_sensor/>
                    <data_type>0</data_type>
                    <authtype>0</authtype>
                    <username/>
                    <password/>
                    <publickey/>
                    <privatekey/>
                    <port/>
                    <description>A notification to indicate that average COM2 interface&#13;
Rx to Tx packets ratio value has exceeded threshold&#13;
limits.&#13;
This notification sends additional information about&#13;
the event by including the following objects in its&#13;
varbinding list.&#13;
- alarmStateRxTxCom2: Alarm state of COM2 Rx to Tx&#13;
packets ratio value.&#13;
- wvRxTxCom2: Local station - COM2 Rx to Tx packets&#13;
ratio value from interval &lt;1, 10000&gt; in hundredths.</description>
                    <inventory_link>0</inventory_link>
                    <applications>
                        <application>
                            <name>TRAPS</name>
                        </application>
                    </applications>
                    <valuemap/>
                    <logtimefmt/>
                </item>
                <item>
                    <name>Remote station (X.Y.Z.W) DQ value out of range</name>
                    <type>2</type>
                    <snmp_community/>
                    <multiplier>0</multiplier>
                    <snmp_oid/>
                    <key>trpDqX.Y.Z.W</key>
                    <delay>0</delay>
                    <history>90</history>
                    <trends>0</trends>
                    <status>1</status>
                    <value_type>1</value_type>
                    <allowed_hosts/>
                    <units/>
                    <delta>0</delta>
                    <snmpv3_contextname/>
                    <snmpv3_securityname/>
                    <snmpv3_securitylevel>0</snmpv3_securitylevel>
                    <snmpv3_authprotocol>0</snmpv3_authprotocol>
                    <snmpv3_authpassphrase/>
                    <snmpv3_privprotocol>0</snmpv3_privprotocol>
                    <snmpv3_privpassphrase/>
                    <formula>1</formula>
                    <delay_flex/>
                    <params/>
                    <ipmi_sensor/>
                    <data_type>0</data_type>
                    <authtype>0</authtype>
                    <username/>
                    <password/>
                    <publickey/>
                    <privatekey/>
                    <port/>
                    <description>A notification to indicate that average DQ value&#13;
has exceeded threshold limits.&#13;
This notification sends additional information about&#13;
the event by including the following objects in its&#13;
varbinding list.&#13;
- alarmStateDq: DQ alarm state.&#13;
- wvRemDqAvg: Remote station - Average DQ value&#13;
in hundredths.&#13;
- wvRemIpAddr: Remote station IP address.</description>
                    <inventory_link>0</inventory_link>
                    <applications>
                        <application>
                            <name>TRAPS</name>
                        </application>
                    </applications>
                    <valuemap/>
                    <logtimefmt/>
                </item>
                <item>
                    <name>Ethernet Rx/Tx packet ratio out of range</name>
                    <type>2</type>
                    <snmp_community/>
                    <multiplier>0</multiplier>
                    <snmp_oid/>
                    <key>trpEthPr</key>
                    <delay>0</delay>
                    <history>90</history>
                    <trends>0</trends>
                    <status>0</status>
                    <value_type>1</value_type>
                    <allowed_hosts/>
                    <units/>
                    <delta>0</delta>
                    <snmpv3_contextname/>
                    <snmpv3_securityname/>
                    <snmpv3_securitylevel>0</snmpv3_securitylevel>
                    <snmpv3_authprotocol>0</snmpv3_authprotocol>
                    <snmpv3_authpassphrase/>
                    <snmpv3_privprotocol>0</snmpv3_privprotocol>
                    <snmpv3_privpassphrase/>
                    <formula>1</formula>
                    <delay_flex/>
                    <params/>
                    <ipmi_sensor/>
                    <data_type>0</data_type>
                    <authtype>0</authtype>
                    <username/>
                    <password/>
                    <publickey/>
                    <privatekey/>
                    <port/>
                    <description>A notification to indicate that average ETH interface&#13;
Rx to Tx packets ratio value has exceeded threshold&#13;
limits.&#13;
This notification sends additional information about&#13;
the event by including the following objects in its&#13;
varbinding list.&#13;
- alarmStateRxTxEth: Alarm state of ETH Rx to Tx&#13;
packets ratio value.&#13;
- wvRxTxEth: Local station - ETH Rx to Tx packets&#13;
ratio value from interval &lt;1, 10000&gt; in hundredths.</description>
                    <inventory_link>0</inventory_link>
                    <applications>
                        <application>
                            <name>TRAPS</name>
                        </application>
                    </applications>
                    <valuemap/>
                    <logtimefmt/>
                </item>
                <item>
                    <name>Modem becomes active in a Hot-Standby mode</name>
                    <type>2</type>
                    <snmp_community/>
                    <multiplier>0</multiplier>
                    <snmp_oid/>
                    <key>trpHotStby</key>
                    <delay>0</delay>
                    <history>90</history>
                    <trends>0</trends>
                    <status>0</status>
                    <value_type>1</value_type>
                    <allowed_hosts/>
                    <units/>
                    <delta>0</delta>
                    <snmpv3_contextname/>
                    <snmpv3_securityname/>
                    <snmpv3_securitylevel>0</snmpv3_securitylevel>
                    <snmpv3_authprotocol>0</snmpv3_authprotocol>
                    <snmpv3_authpassphrase/>
                    <snmpv3_privprotocol>0</snmpv3_privprotocol>
                    <snmpv3_privpassphrase/>
                    <formula>1</formula>
                    <delay_flex/>
                    <params/>
                    <ipmi_sensor/>
                    <data_type>0</data_type>
                    <authtype>0</authtype>
                    <username/>
                    <password/>
                    <publickey/>
                    <privatekey/>
                    <port/>
                    <description>A notification to indicate that device in Hot Standby&#13;
mode has been activated.&#13;
This notification sends additional information about&#13;
the event by including the following objects in its&#13;
varbinding list.&#13;
- serialNumber: Product serial number.&#13;
- stationName: Station name.</description>
                    <inventory_link>0</inventory_link>
                    <applications>
                        <application>
                            <name>TRAPS</name>
                        </application>
                    </applications>
                    <valuemap/>
                    <logtimefmt/>
                </item>
                <item>
                    <name>HW input in the alarm state</name>
                    <type>2</type>
                    <snmp_community/>
                    <multiplier>0</multiplier>
                    <snmp_oid/>
                    <key>trpHwIn</key>
                    <delay>0</delay>
                    <history>90</history>
                    <trends>0</trends>
                    <status>0</status>
                    <value_type>1</value_type>
                    <allowed_hosts/>
                    <units/>
                    <delta>0</delta>
                    <snmpv3_contextname/>
                    <snmpv3_securityname/>
                    <snmpv3_securitylevel>0</snmpv3_securitylevel>
                    <snmpv3_authprotocol>0</snmpv3_authprotocol>
                    <snmpv3_authpassphrase/>
                    <snmpv3_privprotocol>0</snmpv3_privprotocol>
                    <snmpv3_privpassphrase/>
                    <formula>1</formula>
                    <delay_flex/>
                    <params/>
                    <ipmi_sensor/>
                    <data_type>0</data_type>
                    <authtype>0</authtype>
                    <username/>
                    <password/>
                    <publickey/>
                    <privatekey/>
                    <port/>
                    <description>A notification to indicate that HW alarm input state&#13;
has been changed.&#13;
This notification sends additional information about&#13;
the event by including the following objects in its&#13;
varbinding list.&#13;
- ifHwAInputState: HW alarm input contact state.&#13;
- ifHwAInputType: HW alarm input contact type.</description>
                    <inventory_link>0</inventory_link>
                    <applications>
                        <application>
                            <name>TRAPS</name>
                        </application>
                    </applications>
                    <valuemap/>
                    <logtimefmt/>
                </item>
                <item>
                    <name>Nomadic remote device is offline</name>
                    <type>2</type>
                    <snmp_community/>
                    <multiplier>0</multiplier>
                    <snmp_oid/>
                    <key>trpNomadOffline</key>
                    <delay>0</delay>
                    <history>90</history>
                    <trends>0</trends>
                    <status>0</status>
                    <value_type>1</value_type>
                    <allowed_hosts/>
                    <units/>
                    <delta>0</delta>
                    <snmpv3_contextname/>
                    <snmpv3_securityname/>
                    <snmpv3_securitylevel>0</snmpv3_securitylevel>
                    <snmpv3_authprotocol>0</snmpv3_authprotocol>
                    <snmpv3_authpassphrase/>
                    <snmpv3_privprotocol>0</snmpv3_privprotocol>
                    <snmpv3_privpassphrase/>
                    <formula>1</formula>
                    <delay_flex/>
                    <params/>
                    <ipmi_sensor/>
                    <data_type>0</data_type>
                    <authtype>0</authtype>
                    <username/>
                    <password/>
                    <publickey/>
                    <privatekey/>
                    <port/>
                    <description>A notification to indicate that Nomadic remote device is offline/online (i.e. status of connection to Nomadic base). This notification sends additional information about the event by including the following objects in its varbinding list.&#13;
- alarmStateNomadOffline: alarm state.</description>
                    <inventory_link>0</inventory_link>
                    <applications>
                        <application>
                            <name>TRAPS</name>
                        </application>
                    </applications>
                    <valuemap/>
                    <logtimefmt/>
                </item>
                <item>
                    <name>RF power value out of range</name>
                    <type>2</type>
                    <snmp_community/>
                    <multiplier>0</multiplier>
                    <snmp_oid/>
                    <key>trpRfpwr</key>
                    <delay>0</delay>
                    <history>90</history>
                    <trends>0</trends>
                    <status>0</status>
                    <value_type>1</value_type>
                    <allowed_hosts/>
                    <units/>
                    <delta>0</delta>
                    <snmpv3_contextname/>
                    <snmpv3_securityname/>
                    <snmpv3_securitylevel>0</snmpv3_securitylevel>
                    <snmpv3_authprotocol>0</snmpv3_authprotocol>
                    <snmpv3_authpassphrase/>
                    <snmpv3_privprotocol>0</snmpv3_privprotocol>
                    <snmpv3_privpassphrase/>
                    <formula>1</formula>
                    <delay_flex/>
                    <params/>
                    <ipmi_sensor/>
                    <data_type>0</data_type>
                    <authtype>0</authtype>
                    <username/>
                    <password/>
                    <publickey/>
                    <privatekey/>
                    <port/>
                    <description>A notification to indicate that average RF power&#13;
value has exceeded threshold limits.&#13;
This notification sends additional information about&#13;
the event by including the following objects in its&#13;
varbinding list.&#13;
- alarmStateRfPwr: RF power alarm state.&#13;
- wvRfPwrAvg: Local station - Average RF power&#13;
value in thousandths of Watt (W).</description>
                    <inventory_link>0</inventory_link>
                    <applications>
                        <application>
                            <name>TRAPS</name>
                        </application>
                    </applications>
                    <valuemap/>
                    <logtimefmt/>
                </item>
                <item>
                    <name>Remote station (X.Y.Z.W) RSS value out of range</name>
                    <type>2</type>
                    <snmp_community/>
                    <multiplier>0</multiplier>
                    <snmp_oid/>
                    <key>trpRssX.Y.Z.W</key>
                    <delay>0</delay>
                    <history>90</history>
                    <trends>0</trends>
                    <status>1</status>
                    <value_type>1</value_type>
                    <allowed_hosts/>
                    <units/>
                    <delta>0</delta>
                    <snmpv3_contextname/>
                    <snmpv3_securityname/>
                    <snmpv3_securitylevel>0</snmpv3_securitylevel>
                    <snmpv3_authprotocol>0</snmpv3_authprotocol>
                    <snmpv3_authpassphrase/>
                    <snmpv3_privprotocol>0</snmpv3_privprotocol>
                    <snmpv3_privpassphrase/>
                    <formula>1</formula>
                    <delay_flex/>
                    <params/>
                    <ipmi_sensor/>
                    <data_type>0</data_type>
                    <authtype>0</authtype>
                    <username/>
                    <password/>
                    <publickey/>
                    <privatekey/>
                    <port/>
                    <description>A notification to indicate that average RSS value&#13;
has exceeded threshold limits.&#13;
This notification sends additional information about&#13;
the event by including the following objects in its&#13;
varbinding list.&#13;
- alarmStateRss: RSS alarm state.&#13;
- wvRemRssAvg: Remote station - Average RSS value&#13;
in hundredths of dBm.&#13;
- wvRemIpAddr: Remote station IP address.</description>
                    <inventory_link>0</inventory_link>
                    <applications>
                        <application>
                            <name>TRAPS</name>
                        </application>
                    </applications>
                    <valuemap/>
                    <logtimefmt/>
                </item>
                <item>
                    <name>Modem temperature value out of range</name>
                    <type>2</type>
                    <snmp_community/>
                    <multiplier>0</multiplier>
                    <snmp_oid/>
                    <key>trpTemp</key>
                    <delay>0</delay>
                    <history>90</history>
                    <trends>0</trends>
                    <status>0</status>
                    <value_type>1</value_type>
                    <allowed_hosts/>
                    <units/>
                    <delta>0</delta>
                    <snmpv3_contextname/>
                    <snmpv3_securityname/>
                    <snmpv3_securitylevel>0</snmpv3_securitylevel>
                    <snmpv3_authprotocol>0</snmpv3_authprotocol>
                    <snmpv3_authpassphrase/>
                    <snmpv3_privprotocol>0</snmpv3_privprotocol>
                    <snmpv3_privpassphrase/>
                    <formula>1</formula>
                    <delay_flex/>
                    <params/>
                    <ipmi_sensor/>
                    <data_type>0</data_type>
                    <authtype>0</authtype>
                    <username/>
                    <password/>
                    <publickey/>
                    <privatekey/>
                    <port/>
                    <description>A notification to indicate that average device&#13;
temperature value has exceeded threshold limits.&#13;
This notification sends additional information about&#13;
the event by including the following objects in its&#13;
varbinding list.&#13;
- alarmStateTemp: Device temperature alarm state.&#13;
- wvTempAvg: Local station - Average device&#13;
temperature value in thousandths of Celsius (C).</description>
                    <inventory_link>0</inventory_link>
                    <applications>
                        <application>
                            <name>TRAPS</name>
                        </application>
                    </applications>
                    <valuemap/>
                    <logtimefmt/>
                </item>
                <item>
                    <name>TX Lost value out of range</name>
                    <type>2</type>
                    <snmp_community/>
                    <multiplier>0</multiplier>
                    <snmp_oid/>
                    <key>trpTxLost</key>
                    <delay>0</delay>
                    <history>90</history>
                    <trends>0</trends>
                    <status>0</status>
                    <value_type>1</value_type>
                    <allowed_hosts/>
                    <units/>
                    <delta>0</delta>
                    <snmpv3_contextname/>
                    <snmpv3_securityname/>
                    <snmpv3_securitylevel>0</snmpv3_securitylevel>
                    <snmpv3_authprotocol>0</snmpv3_authprotocol>
                    <snmpv3_authpassphrase/>
                    <snmpv3_privprotocol>0</snmpv3_privprotocol>
                    <snmpv3_privpassphrase/>
                    <formula>1</formula>
                    <delay_flex/>
                    <params/>
                    <ipmi_sensor/>
                    <data_type>0</data_type>
                    <authtype>0</authtype>
                    <username/>
                    <password/>
                    <publickey/>
                    <privatekey/>
                    <port/>
                    <description>A notification to indicate that average Tx lost value&#13;
has exceeded threshold limits.&#13;
This notification sends additional information about&#13;
the event by including the following objects in its&#13;
varbinding list.&#13;
- alarmStateTxLost: Tx lost alarm state.&#13;
- wvTxLostAvg: Local station - Average Tx lost&#13;
value in hundredths of %.</description>
                    <inventory_link>0</inventory_link>
                    <applications>
                        <application>
                            <name>TRAPS</name>
                        </application>
                    </applications>
                    <valuemap/>
                    <logtimefmt/>
                </item>
                <item>
                    <name>UCC value out of range</name>
                    <type>2</type>
                    <snmp_community/>
                    <multiplier>0</multiplier>
                    <snmp_oid/>
                    <key>trpUcc</key>
                    <delay>0</delay>
                    <history>90</history>
                    <trends>0</trends>
                    <status>0</status>
                    <value_type>1</value_type>
                    <allowed_hosts/>
                    <units/>
                    <delta>0</delta>
                    <snmpv3_contextname/>
                    <snmpv3_securityname/>
                    <snmpv3_securitylevel>0</snmpv3_securitylevel>
                    <snmpv3_authprotocol>0</snmpv3_authprotocol>
                    <snmpv3_authpassphrase/>
                    <snmpv3_privprotocol>0</snmpv3_privprotocol>
                    <snmpv3_privpassphrase/>
                    <formula>1</formula>
                    <delay_flex/>
                    <params/>
                    <ipmi_sensor/>
                    <data_type>0</data_type>
                    <authtype>0</authtype>
                    <username/>
                    <password/>
                    <publickey/>
                    <privatekey/>
                    <port/>
                    <description>A notification to indicate that average UCC value&#13;
has exceeded threshold limits.&#13;
This notification sends additional information about&#13;
the event by including the following objects in its&#13;
varbinding list.&#13;
- alarmStateUcc: UCC alarm state.&#13;
- wvUccAvg: Local station - Average UCC value&#13;
in thousandths of Volt (V).</description>
                    <inventory_link>0</inventory_link>
                    <applications>
                        <application>
                            <name>TRAPS</name>
                        </application>
                    </applications>
                    <valuemap/>
                    <logtimefmt/>
                </item>
                <item>
                    <name>Unit ready signal has changed</name>
                    <type>2</type>
                    <snmp_community/>
                    <multiplier>0</multiplier>
                    <snmp_oid/>
                    <key>trpUnitReady</key>
                    <delay>0</delay>
                    <history>90</history>
                    <trends>0</trends>
                    <status>0</status>
                    <value_type>1</value_type>
                    <allowed_hosts/>
                    <units/>
                    <delta>0</delta>
                    <snmpv3_contextname/>
                    <snmpv3_securityname/>
                    <snmpv3_securitylevel>0</snmpv3_securitylevel>
                    <snmpv3_authprotocol>0</snmpv3_authprotocol>
                    <snmpv3_authpassphrase/>
                    <snmpv3_privprotocol>0</snmpv3_privprotocol>
                    <snmpv3_privpassphrase/>
                    <formula>1</formula>
                    <delay_flex/>
                    <params/>
                    <ipmi_sensor/>
                    <data_type>0</data_type>
                    <authtype>0</authtype>
                    <username/>
                    <password/>
                    <publickey/>
                    <privatekey/>
                    <port/>
                    <description>A notification to indicate that Unit ready signal has changed. This notification sends additional information about the event by including the following objects in its varbinding list. &#13;
- alarmStateUnitReady: alarm input state.</description>
                    <inventory_link>0</inventory_link>
                    <applications>
                        <application>
                            <name>TRAPS</name>
                        </application>
                    </applications>
                    <valuemap/>
                    <logtimefmt/>
                </item>
                <item>
                    <name>VSWR value out of range</name>
                    <type>2</type>
                    <snmp_community/>
                    <multiplier>0</multiplier>
                    <snmp_oid/>
                    <key>trpVswr</key>
                    <delay>0</delay>
                    <history>90</history>
                    <trends>0</trends>
                    <status>0</status>
                    <value_type>1</value_type>
                    <allowed_hosts/>
                    <units/>
                    <delta>0</delta>
                    <snmpv3_contextname/>
                    <snmpv3_securityname/>
                    <snmpv3_securitylevel>0</snmpv3_securitylevel>
                    <snmpv3_authprotocol>0</snmpv3_authprotocol>
                    <snmpv3_authpassphrase/>
                    <snmpv3_privprotocol>0</snmpv3_privprotocol>
                    <snmpv3_privpassphrase/>
                    <formula>1</formula>
                    <delay_flex/>
                    <params/>
                    <ipmi_sensor/>
                    <data_type>0</data_type>
                    <authtype>0</authtype>
                    <username/>
                    <password/>
                    <publickey/>
                    <privatekey/>
                    <port/>
                    <description>A notification to indicate that average VSWR value&#13;
has exceeded threshold limits.&#13;
This notification sends additional information about&#13;
the event by including the following objects in its&#13;
varbinding list.&#13;
- alarmStateVswr: VSWR alarm state.&#13;
- wvVswrAvg: Local station - Average VSWR value&#13;
from interval &lt;300, 2500&gt; in thousandths.</description>
                    <inventory_link>0</inventory_link>
                    <applications>
                        <application>
                            <name>TRAPS</name>
                        </application>
                    </applications>
                    <valuemap/>
                    <logtimefmt/>
                </item>
            </items>
            <discovery_rules/>
            <macros/>
            <templates/>
            <screens/>
        </template>
    </templates>
    <triggers>
        <trigger>
            <expression>{RipEX SNMP Trapper Template:trpBpathAlt.nodata(300)}=0</expression>
            <name>Alternative path state has changed within last 5 minutes</name>
            <url>http://{HOST.IP}</url>
            <status>0</status>
            <priority>1</priority>
            <description>This trigger stays active for 5 minutes. It just informs that there was a change in the Alternative backup paths system.</description>
            <type>0</type>
            <dependencies/>
        </trigger>
        <trigger>
            <expression>{RipEX SNMP Trapper Template:trpBpath.nodata(300)}=0</expression>
            <name>Backup path state has changed within last 5 minutes</name>
            <url>http://{HOST.IP}</url>
            <status>0</status>
            <priority>1</priority>
            <description>This trigger stays active for 5 minutes. It just informs that there was a change in the Backup paths system.</description>
            <type>0</type>
            <dependencies/>
        </trigger>
        <trigger>
            <expression>({RipEX SNMP Trapper Template:trpCom1Pr.str(&quot;OFF&quot;)}=0)</expression>
            <name>RipEX station - COM1 RX/TX packet ratio out of range</name>
            <url>http://{HOST.IP}</url>
            <status>0</status>
            <priority>3</priority>
            <description/>
            <type>0</type>
            <dependencies/>
        </trigger>
        <trigger>
            <expression>({RipEX SNMP Trapper Template:trpCom2Pr.str(&quot;OFF&quot;)}=0)</expression>
            <name>RipEX station - COM2 RX/TX packet ratio out of range</name>
            <url>http://{HOST.IP}</url>
            <status>0</status>
            <priority>3</priority>
            <description/>
            <type>0</type>
            <dependencies/>
        </trigger>
        <trigger>
            <expression>({RipEX SNMP Trapper Template:trpEthPr.str(&quot;OFF&quot;)}=0)</expression>
            <name>RipEX station - Ethernet Rx/Tx packet ratio out of range</name>
            <url>http://{HOST.IP}</url>
            <status>0</status>
            <priority>3</priority>
            <description/>
            <type>0</type>
            <dependencies/>
        </trigger>
        <trigger>
            <expression>({RipEX SNMP Trapper Template:trpHwIn.str(&quot;OFF&quot;)}=0)</expression>
            <name>RipEX station - HW input in the alarm state</name>
            <url>http://{HOST.IP}</url>
            <status>0</status>
            <priority>3</priority>
            <description/>
            <type>0</type>
            <dependencies/>
        </trigger>
        <trigger>
            <expression>({RipEX SNMP Trapper Template:trpHotStby.nodata(300)}=0)</expression>
            <name>RipEX station - Modem becomes active in a Hot-Standby mode within the last 5 minutes</name>
            <url>http://{HOST.IP}</url>
            <status>0</status>
            <priority>1</priority>
            <description/>
            <type>0</type>
            <dependencies/>
        </trigger>
        <trigger>
            <expression>({RipEX SNMP Trapper Template:trpTemp.str(&quot;OFF&quot;)}=0)</expression>
            <name>RipEX station - Modem temperature value out of range</name>
            <url>http://{HOST.IP}</url>
            <status>0</status>
            <priority>3</priority>
            <description/>
            <type>0</type>
            <dependencies/>
        </trigger>
        <trigger>
            <expression>({RipEX SNMP Trapper Template:trpDqX.Y.Z.W.str(&quot;OFF&quot;)}=0)</expression>
            <name>RipEX station - Remote station (X.Y.Z.W) DQ value out of range</name>
            <url>http://{HOST.IP}</url>
            <status>1</status>
            <priority>3</priority>
            <description/>
            <type>0</type>
            <dependencies/>
        </trigger>
        <trigger>
            <expression>({RipEX SNMP Trapper Template:trpRssX.Y.Z.W.str(&quot;OFF&quot;)}=0)</expression>
            <name>RipEX station - Remote station (X.Y.Z.W) RSS value out of range</name>
            <url>http://{HOST.IP}</url>
            <status>1</status>
            <priority>3</priority>
            <description/>
            <type>0</type>
            <dependencies/>
        </trigger>
        <trigger>
            <expression>({RipEX SNMP Trapper Template:trpRfpwr.str(&quot;OFF&quot;)}=0)</expression>
            <name>RipEX station - RF power value out of range</name>
            <url>http://{HOST.IP}</url>
            <status>0</status>
            <priority>3</priority>
            <description/>
            <type>0</type>
            <dependencies/>
        </trigger>
        <trigger>
            <expression>({RipEX SNMP Trapper Template:trpUnitReady.str(&quot;OFF&quot;)}=0) and ({RipEX SNMP Trapper Template:trpUnitReady.nodata(300)}=0)</expression>
            <name>RipEX station - The unit Ready signal is UP (1)</name>
            <url>http://{HOST.IP}</url>
            <status>0</status>
            <priority>1</priority>
            <description>A notification to indicate that Unit ready signal has changed. This notification sends additional information about the event by including the following objects in its varbinding list.&#13;
- alarmStateUnitReady: alarm input state.</description>
            <type>0</type>
            <dependencies/>
        </trigger>
        <trigger>
            <expression>({RipEX SNMP Trapper Template:trpTxLost.str(&quot;OFF&quot;)}=0)</expression>
            <name>RipEX station - TX Lost value out of range</name>
            <url>http://{HOST.IP}</url>
            <status>0</status>
            <priority>3</priority>
            <description/>
            <type>0</type>
            <dependencies/>
        </trigger>
        <trigger>
            <expression>({RipEX SNMP Trapper Template:trpUcc.str(&quot;OFF&quot;)}=0)</expression>
            <name>RipEX station - UCC value out of range</name>
            <url>http://{HOST.IP}</url>
            <status>0</status>
            <priority>3</priority>
            <description/>
            <type>0</type>
            <dependencies/>
        </trigger>
        <trigger>
            <expression>({RipEX SNMP Trapper Template:trpVswr.str(&quot;OFF&quot;)}=0)</expression>
            <name>RipEX station - VSWR value out of range</name>
            <url>http://{HOST.IP}</url>
            <status>0</status>
            <priority>3</priority>
            <description/>
            <type>0</type>
            <dependencies/>
        </trigger>
        <trigger>
            <expression>{RipEX SNMP Trapper Template:trpNomadOffline.str(&quot;OFF&quot;)}=0</expression>
            <name>ZKONTROLOVAT RipEX station - Nomadic remote device is offline</name>
            <url>http://{HOST.IP}</url>
            <status>0</status>
            <priority>3</priority>
            <description>A notification to indicate that Nomadic remote device is offline/online (i.e. status of connection to Nomadic base). This notification sends additional information about the event by including the following objects in its varbinding list.&#13;
- alarmStateNomadOffline: alarm state.</description>
            <type>0</type>
            <dependencies/>
        </trigger>
    </triggers>
</zabbix_export>
